{
  "id": "2485060",
  "name": "hfins-icons",
  "font_family": "hfins-iconfont",
  "css_prefix_text": "hfins-icon-",
  "description": "",
  "glyphs": [
    {
      "icon_id": "33682628",
      "name": "测试",
      "font_class": "a-zu57",
      "unicode": "e710",
      "unicode_decimal": 59152
    },
    {
      "icon_id": "33682354",
      "name": "门",
      "font_class": "men",
      "unicode": "e612",
      "unicode_decimal": 58898
    },
    {
      "icon_id": "33536761",
      "name": "color备份 9",
      "font_class": "a-colorbeifen9",
      "unicode": "e682",
      "unicode_decimal": 59010
    },
    {
      "icon_id": "33526361",
      "name": "窗（填充）.",
      "font_class": "a-chuangtianchong",
      "unicode": "e613",
      "unicode_decimal": 58899
    },
    {
      "icon_id": "33526376",
      "name": "文件、详情.",
      "font_class": "a-wenjianxiangqing",
      "unicode": "e614",
      "unicode_decimal": 58900
    },
    {
      "icon_id": "33526240",
      "name": "门.",
      "font_class": "a-men",
      "unicode": "e606",
      "unicode_decimal": 58886
    },
    {
      "icon_id": "33526241",
      "name": "department",
      "font_class": "department",
      "unicode": "e607",
      "unicode_decimal": 58887
    },
    {
      "icon_id": "33526242",
      "name": "容器.",
      "font_class": "a-rongqi",
      "unicode": "e609",
      "unicode_decimal": 58889
    },
    {
      "icon_id": "33526243",
      "name": "窗.",
      "font_class": "a-chuang",
      "unicode": "e60c",
      "unicode_decimal": 58892
    },
    {
      "icon_id": "33526244",
      "name": "房子.",
      "font_class": "a-fangzi",
      "unicode": "e60d",
      "unicode_decimal": 58893
    },
    {
      "icon_id": "33526245",
      "name": "三维立体.",
      "font_class": "a-sanweiliti",
      "unicode": "e60e",
      "unicode_decimal": 58894
    },
    {
      "icon_id": "9924916",
      "name": "history",
      "font_class": "history",
      "unicode": "e62e",
      "unicode_decimal": 58926
    },
    {
      "icon_id": "33311981",
      "name": "warning",
      "font_class": "warning",
      "unicode": "e67f",
      "unicode_decimal": 59007
    },
    {
      "icon_id": "33311982",
      "name": "tips",
      "font_class": "tips",
      "unicode": "e680",
      "unicode_decimal": 59008
    },
    {
      "icon_id": "33235798",
      "name": "PDF",
      "font_class": "PDF",
      "unicode": "e681",
      "unicode_decimal": 59009
    },
    {
      "icon_id": "32751642",
      "name": "left arrow",
      "font_class": "a-leftarrow",
      "unicode": "e67e",
      "unicode_decimal": 59006
    },
    {
      "icon_id": "32734855",
      "name": "return",
      "font_class": "return1",
      "unicode": "e67d",
      "unicode_decimal": 59005
    },
    {
      "icon_id": "32652072",
      "name": "return",
      "font_class": "return",
      "unicode": "e67c",
      "unicode_decimal": 59004
    },
    {
      "icon_id": "32501505",
      "name": "bill",
      "font_class": "bill1",
      "unicode": "e8bd",
      "unicode_decimal": 59581
    },
    {
      "icon_id": "32446623",
      "name": "choose",
      "font_class": "choose",
      "unicode": "e8bc",
      "unicode_decimal": 59580
    },
    {
      "icon_id": "32443965",
      "name": "hint",
      "font_class": "hint",
      "unicode": "e8ba",
      "unicode_decimal": 59578
    },
    {
      "icon_id": "32443966",
      "name": "pull-down",
      "font_class": "pull-down1",
      "unicode": "e8bb",
      "unicode_decimal": 59579
    },
    {
      "icon_id": "32383502",
      "name": "fascicles",
      "font_class": "fascicles",
      "unicode": "e8b7",
      "unicode_decimal": 59575
    },
    {
      "icon_id": "32383503",
      "name": "into-the-box",
      "font_class": "into-the-box",
      "unicode": "e8b8",
      "unicode_decimal": 59576
    },
    {
      "icon_id": "32356639",
      "name": "ticketing",
      "font_class": "ticketing1",
      "unicode": "e8b6",
      "unicode_decimal": 59574
    },
    {
      "icon_id": "32356040",
      "name": "bills",
      "font_class": "bills",
      "unicode": "e8b5",
      "unicode_decimal": 59573
    },
    {
      "icon_id": "32094708",
      "name": "ticketing",
      "font_class": "ticketing",
      "unicode": "e8b4",
      "unicode_decimal": 59572
    },
    {
      "icon_id": "32088794",
      "name": "import-from-source-single",
      "font_class": "import-from-source-single",
      "unicode": "e8b3",
      "unicode_decimal": 59571
    },
    {
      "icon_id": "31941986",
      "name": "assign",
      "font_class": "assign",
      "unicode": "e8b2",
      "unicode_decimal": 59570
    },
    {
      "icon_id": "31919978",
      "name": "designated-operator",
      "font_class": "designated-operator",
      "unicode": "e8af",
      "unicode_decimal": 59567
    },
    {
      "icon_id": "31919342",
      "name": "running-tab",
      "font_class": "running-tab",
      "unicode": "e8b1",
      "unicode_decimal": 59569
    },
    {
      "icon_id": "31915196",
      "name": "sign",
      "font_class": "sign",
      "unicode": "e8b0",
      "unicode_decimal": 59568
    },
    {
      "icon_id": "31902267",
      "name": "cancel",
      "font_class": "cancel",
      "unicode": "e67b",
      "unicode_decimal": 59003
    },
    {
      "icon_id": "31780555",
      "name": "car",
      "font_class": "ctrip_car",
      "unicode": "e67a",
      "unicode_decimal": 59002
    },
    {
      "icon_id": "31631935",
      "name": "select-number",
      "font_class": "select-number",
      "unicode": "e8ad",
      "unicode_decimal": 59565
    },
    {
      "icon_id": "31629534",
      "name": "tiled",
      "font_class": "tiled",
      "unicode": "e8ab",
      "unicode_decimal": 59563
    },
    {
      "icon_id": "31629535",
      "name": "copy",
      "font_class": "copy1",
      "unicode": "e8ac",
      "unicode_decimal": 59564
    },
    {
      "icon_id": "31629537",
      "name": "builder",
      "font_class": "builder",
      "unicode": "e8ae",
      "unicode_decimal": 59566
    },
    {
      "icon_id": "31596843",
      "name": "congelation",
      "font_class": "congelation",
      "unicode": "e8a9",
      "unicode_decimal": 59561
    },
    {
      "icon_id": "31596844",
      "name": "thraw",
      "font_class": "thraw",
      "unicode": "e8aa",
      "unicode_decimal": 59562
    },
    {
      "icon_id": "31595539",
      "name": "information",
      "font_class": "information",
      "unicode": "e8a6",
      "unicode_decimal": 59558
    },
    {
      "icon_id": "31595540",
      "name": "notice",
      "font_class": "notice",
      "unicode": "e8a7",
      "unicode_decimal": 59559
    },
    {
      "icon_id": "31595541",
      "name": "inform",
      "font_class": "inform",
      "unicode": "e8a8",
      "unicode_decimal": 59560
    },
    {
      "icon_id": "31594067",
      "name": "单据",
      "font_class": "danju1",
      "unicode": "e8a4",
      "unicode_decimal": 59556
    },
    {
      "icon_id": "31594068",
      "name": "金额",
      "font_class": "jine1",
      "unicode": "e8a5",
      "unicode_decimal": 59557
    },
    {
      "icon_id": "31592490",
      "name": "单据",
      "font_class": "danju",
      "unicode": "e8a2",
      "unicode_decimal": 59554
    },
    {
      "icon_id": "31592491",
      "name": "项目",
      "font_class": "xiangmu",
      "unicode": "e8a3",
      "unicode_decimal": 59555
    },
    {
      "icon_id": "29631351",
      "name": "more",
      "font_class": "more1",
      "unicode": "e645",
      "unicode_decimal": 58949
    },
    {
      "icon_id": "29705316",
      "name": "complete",
      "font_class": "complete",
      "unicode": "e646",
      "unicode_decimal": 58950
    },
    {
      "icon_id": "29705318",
      "name": "progress",
      "font_class": "progress",
      "unicode": "e647",
      "unicode_decimal": 58951
    },
    {
      "icon_id": "31575278",
      "name": "进入",
      "font_class": "jinru",
      "unicode": "e8a0",
      "unicode_decimal": 59552
    },
    {
      "icon_id": "31574983",
      "name": "金额",
      "font_class": "jine",
      "unicode": "e8a1",
      "unicode_decimal": 59553
    },
    {
      "icon_id": "31574682",
      "name": "deal-with",
      "font_class": "deal-with",
      "unicode": "e896",
      "unicode_decimal": 59542
    },
    {
      "icon_id": "31574683",
      "name": "request-code",
      "font_class": "request-code",
      "unicode": "e898",
      "unicode_decimal": 59544
    },
    {
      "icon_id": "31574684",
      "name": "contract",
      "font_class": "contract",
      "unicode": "e89d",
      "unicode_decimal": 59549
    },
    {
      "icon_id": "31574473",
      "name": "borrow-money",
      "font_class": "borrow-money",
      "unicode": "e895",
      "unicode_decimal": 59541
    },
    {
      "icon_id": "31574475",
      "name": "eapense-account",
      "font_class": "eapense-account",
      "unicode": "e897",
      "unicode_decimal": 59543
    },
    {
      "icon_id": "31574477",
      "name": "record",
      "font_class": "record",
      "unicode": "e899",
      "unicode_decimal": 59545
    },
    {
      "icon_id": "31574478",
      "name": "budget",
      "font_class": "budget",
      "unicode": "e89a",
      "unicode_decimal": 59546
    },
    {
      "icon_id": "31574479",
      "name": "invoice",
      "font_class": "invoice",
      "unicode": "e89b",
      "unicode_decimal": 59547
    },
    {
      "icon_id": "31574480",
      "name": "general-ledger",
      "font_class": "general-ledger",
      "unicode": "e89c",
      "unicode_decimal": 59548
    },
    {
      "icon_id": "31574482",
      "name": "receivable",
      "font_class": "receivable",
      "unicode": "e89e",
      "unicode_decimal": 59550
    },
    {
      "icon_id": "31574483",
      "name": "repayment",
      "font_class": "repayment",
      "unicode": "e89f",
      "unicode_decimal": 59551
    },
    {
      "icon_id": "31384025",
      "name": "a-key-reimbursement",
      "font_class": "a-key-reimbursement",
      "unicode": "e894",
      "unicode_decimal": 59540
    },
    {
      "icon_id": "31358359",
      "name": "key-trading-flow",
      "font_class": "key-trading-flow",
      "unicode": "e893",
      "unicode_decimal": 59539
    },
    {
      "icon_id": "31337940",
      "name": "freeze",
      "font_class": "freeze",
      "unicode": "e892",
      "unicode_decimal": 59538
    },
    {
      "icon_id": "31337113",
      "name": "unfreeze",
      "font_class": "unfreeze",
      "unicode": "e891",
      "unicode_decimal": 59537
    },
    {
      "icon_id": "31154940",
      "name": "dispense-with",
      "font_class": "dispense-with",
      "unicode": "e88b",
      "unicode_decimal": 59531
    },
    {
      "icon_id": "8289033",
      "name": "星星",
      "font_class": "xingxing",
      "unicode": "e890",
      "unicode_decimal": 59536
    },
    {
      "icon_id": "30916650",
      "name": "calculate",
      "font_class": "calculate",
      "unicode": "e88c",
      "unicode_decimal": 59532
    },
    {
      "icon_id": "30916651",
      "name": "send",
      "font_class": "send",
      "unicode": "e88d",
      "unicode_decimal": 59533
    },
    {
      "icon_id": "30916652",
      "name": "sample",
      "font_class": "sample",
      "unicode": "e88e",
      "unicode_decimal": 59534
    },
    {
      "icon_id": "30916653",
      "name": "issue",
      "font_class": "issue",
      "unicode": "e88f",
      "unicode_decimal": 59535
    },
    {
      "icon_id": "31050577",
      "name": "confirm_voucher",
      "font_class": "confirm_voucher",
      "unicode": "e676",
      "unicode_decimal": 58998
    },
    {
      "icon_id": "31050578",
      "name": "upload_voucher",
      "font_class": "upload_voucher",
      "unicode": "e677",
      "unicode_decimal": 58999
    },
    {
      "icon_id": "31050579",
      "name": "delete_voucher",
      "font_class": "delete_voucher",
      "unicode": "e678",
      "unicode_decimal": 59000
    },
    {
      "icon_id": "31050580",
      "name": "create_voucher",
      "font_class": "create_voucher",
      "unicode": "e679",
      "unicode_decimal": 59001
    },
    {
      "icon_id": "31050007",
      "name": "document_import",
      "font_class": "document_import",
      "unicode": "e66e",
      "unicode_decimal": 58990
    },
    {
      "icon_id": "31050010",
      "name": "create_document",
      "font_class": "create_document",
      "unicode": "e66f",
      "unicode_decimal": 58991
    },
    {
      "icon_id": "31050011",
      "name": "ledger_import",
      "font_class": "ledger_import",
      "unicode": "e670",
      "unicode_decimal": 58992
    },
    {
      "icon_id": "31050012",
      "name": "check",
      "font_class": "check",
      "unicode": "e671",
      "unicode_decimal": 58993
    },
    {
      "icon_id": "31050013",
      "name": "delete_document",
      "font_class": "delete_document",
      "unicode": "e672",
      "unicode_decimal": 58994
    },
    {
      "icon_id": "31050014",
      "name": "share",
      "font_class": "share",
      "unicode": "e673",
      "unicode_decimal": 58995
    },
    {
      "icon_id": "31050016",
      "name": "proportion",
      "font_class": "proportion",
      "unicode": "e674",
      "unicode_decimal": 58996
    },
    {
      "icon_id": "31050017",
      "name": "reset",
      "font_class": "reset",
      "unicode": "e675",
      "unicode_decimal": 58997
    },
    {
      "icon_id": "30828961",
      "name": "USD",
      "font_class": "USD",
      "unicode": "e889",
      "unicode_decimal": 59529
    },
    {
      "icon_id": "30829065",
      "name": "CNY",
      "font_class": "CNY",
      "unicode": "e88a",
      "unicode_decimal": 59530
    },
    {
      "icon_id": "30704571",
      "name": "batch_download",
      "font_class": "piliangxiazai",
      "unicode": "e66d",
      "unicode_decimal": 58989
    },
    {
      "icon_id": "30690401",
      "name": "fold",
      "font_class": "fold",
      "unicode": "e66c",
      "unicode_decimal": 58988
    },
    {
      "icon_id": "29934229",
      "name": "communication_fee",
      "font_class": "communication_fee",
      "unicode": "e651",
      "unicode_decimal": 58961
    },
    {
      "icon_id": "29934230",
      "name": "more",
      "font_class": "more2",
      "unicode": "e652",
      "unicode_decimal": 58962
    },
    {
      "icon_id": "29934231",
      "name": "car_use",
      "font_class": "car_use",
      "unicode": "e653",
      "unicode_decimal": 58963
    },
    {
      "icon_id": "29934232",
      "name": "entertainment_expense",
      "font_class": "entertainment_expense",
      "unicode": "e654",
      "unicode_decimal": 58964
    },
    {
      "icon_id": "29934233",
      "name": "accommodation_fee",
      "font_class": "accommodation_fee",
      "unicode": "e655",
      "unicode_decimal": 58965
    },
    {
      "icon_id": "29934234",
      "name": "comyany",
      "font_class": "comyany",
      "unicode": "e656",
      "unicode_decimal": 58966
    },
    {
      "icon_id": "29934235",
      "name": "IT_equipmet",
      "font_class": "IT_equipmet",
      "unicode": "e657",
      "unicode_decimal": 58967
    },
    {
      "icon_id": "29934236",
      "name": "catering",
      "font_class": "catering",
      "unicode": "e658",
      "unicode_decimal": 58968
    },
    {
      "icon_id": "29934237",
      "name": "office_expense",
      "font_class": "office_expense",
      "unicode": "e659",
      "unicode_decimal": 58969
    },
    {
      "icon_id": "29934238",
      "name": "office_supplies",
      "font_class": "office_supplies",
      "unicode": "e65a",
      "unicode_decimal": 58970
    },
    {
      "icon_id": "29934239",
      "name": "welfare",
      "font_class": "welfare",
      "unicode": "e65b",
      "unicode_decimal": 58971
    },
    {
      "icon_id": "29934240",
      "name": "express_fee",
      "font_class": "express_fee",
      "unicode": "e65c",
      "unicode_decimal": 58972
    },
    {
      "icon_id": "29934242",
      "name": "conference_expense",
      "font_class": "conference_expense",
      "unicode": "e65d",
      "unicode_decimal": 58973
    },
    {
      "icon_id": "29934243",
      "name": "meals",
      "font_class": "meals",
      "unicode": "e65e",
      "unicode_decimal": 58974
    },
    {
      "icon_id": "29934244",
      "name": "plane",
      "font_class": "plane",
      "unicode": "e65f",
      "unicode_decimal": 58975
    },
    {
      "icon_id": "29934245",
      "name": "utilities",
      "font_class": "utilities",
      "unicode": "e660",
      "unicode_decimal": 58976
    },
    {
      "icon_id": "29934246",
      "name": "project",
      "font_class": "project",
      "unicode": "e661",
      "unicode_decimal": 58977
    },
    {
      "icon_id": "29934247",
      "name": "shopping",
      "font_class": "shopping",
      "unicode": "e662",
      "unicode_decimal": 58978
    },
    {
      "icon_id": "29934248",
      "name": "training_expense",
      "font_class": "training_expense",
      "unicode": "e663",
      "unicode_decimal": 58979
    },
    {
      "icon_id": "29934249",
      "name": "shopping_cart",
      "font_class": "shopping_cart",
      "unicode": "e664",
      "unicode_decimal": 58980
    },
    {
      "icon_id": "29934250",
      "name": "parking_fee",
      "font_class": "parking_fee",
      "unicode": "e665",
      "unicode_decimal": 58981
    },
    {
      "icon_id": "29934251",
      "name": "payment",
      "font_class": "payment",
      "unicode": "e666",
      "unicode_decimal": 58982
    },
    {
      "icon_id": "29934252",
      "name": "transport",
      "font_class": "transport",
      "unicode": "e667",
      "unicode_decimal": 58983
    },
    {
      "icon_id": "29934253",
      "name": "travel_on_business",
      "font_class": "travel_on_business",
      "unicode": "e668",
      "unicode_decimal": 58984
    },
    {
      "icon_id": "29934254",
      "name": "petrol_fee",
      "font_class": "petrol_fee",
      "unicode": "e669",
      "unicode_decimal": 58985
    },
    {
      "icon_id": "29934255",
      "name": "transaction_fee",
      "font_class": "transaction_fee",
      "unicode": "e66a",
      "unicode_decimal": 58986
    },
    {
      "icon_id": "29934279",
      "name": "repairs",
      "font_class": "repairs",
      "unicode": "e66b",
      "unicode_decimal": 58987
    },
    {
      "icon_id": "28915227",
      "name": "execute",
      "font_class": "execute",
      "unicode": "e887",
      "unicode_decimal": 59527
    },
    {
      "icon_id": "28914154",
      "name": "time-circle-fill",
      "font_class": "time-circle-fill",
      "unicode": "e880",
      "unicode_decimal": 59520
    },
    {
      "icon_id": "28913800",
      "name": "smart",
      "font_class": "smart1",
      "unicode": "e886",
      "unicode_decimal": 59526
    },
    {
      "icon_id": "28832849",
      "name": "accessory-1",
      "font_class": "accessory-1",
      "unicode": "e884",
      "unicode_decimal": 59524
    },
    {
      "icon_id": "28832850",
      "name": "accessory",
      "font_class": "accessory1",
      "unicode": "e885",
      "unicode_decimal": 59525
    },
    {
      "icon_id": "28831998",
      "name": "reload time",
      "font_class": "a-reloadtime",
      "unicode": "e883",
      "unicode_decimal": 59523
    },
    {
      "icon_id": "28827116",
      "name": "pass-the-audit",
      "font_class": "pass-the-audit",
      "unicode": "e87e",
      "unicode_decimal": 59518
    },
    {
      "icon_id": "28826321",
      "name": "pass",
      "font_class": "pass",
      "unicode": "e87f",
      "unicode_decimal": 59519
    },
    {
      "icon_id": "28826323",
      "name": "sum",
      "font_class": "sum",
      "unicode": "e881",
      "unicode_decimal": 59521
    },
    {
      "icon_id": "28826324",
      "name": "artificial",
      "font_class": "artificial",
      "unicode": "e882",
      "unicode_decimal": 59522
    },
    {
      "icon_id": "28758090",
      "name": "携程",
      "font_class": "xiecheng",
      "unicode": "e618",
      "unicode_decimal": 58904
    },
    {
      "icon_id": "28749116",
      "name": "hotel",
      "font_class": "hotel",
      "unicode": "e617",
      "unicode_decimal": 58903
    },
    {
      "icon_id": "28749042",
      "name": "flight",
      "font_class": "flight",
      "unicode": "e616",
      "unicode_decimal": 58902
    },
    {
      "icon_id": "28748990",
      "name": "train",
      "font_class": "train",
      "unicode": "e615",
      "unicode_decimal": 58901
    },
    {
      "icon_id": "28623153",
      "name": "ctrip_train",
      "font_class": "ctrip_train",
      "unicode": "e610",
      "unicode_decimal": 58896
    },
    {
      "icon_id": "28623154",
      "name": "ctrip_hotel",
      "font_class": "ctrip_hotel",
      "unicode": "e611",
      "unicode_decimal": 58897
    },
    {
      "icon_id": "28623143",
      "name": "ctrip_flight",
      "font_class": "ctrip_flight",
      "unicode": "e60f",
      "unicode_decimal": 58895
    },
    {
      "icon_id": "829669",
      "name": "携程",
      "font_class": "ctrip",
      "unicode": "e608",
      "unicode_decimal": 58888
    },
    {
      "icon_id": "28515614",
      "name": "train",
      "font_class": "huoche",
      "unicode": "e60b",
      "unicode_decimal": 58891
    },
    {
      "icon_id": "28515606",
      "name": "airplane",
      "font_class": "feiji",
      "unicode": "e60a",
      "unicode_decimal": 58890
    },
    {
      "icon_id": "26700013",
      "name": "geometric scaling",
      "font_class": "geometricscaling",
      "unicode": "e87c",
      "unicode_decimal": 59516
    },
    {
      "icon_id": "26699921",
      "name": "zoom out",
      "font_class": "zoom-out",
      "unicode": "e879",
      "unicode_decimal": 59513
    },
    {
      "icon_id": "26699922",
      "name": "zoom in",
      "font_class": "zoom-in",
      "unicode": "e87a",
      "unicode_decimal": 59514
    },
    {
      "icon_id": "26699923",
      "name": "download",
      "font_class": "download1",
      "unicode": "e87b",
      "unicode_decimal": 59515
    },
    {
      "icon_id": "26699925",
      "name": "revolve",
      "font_class": "revolve",
      "unicode": "e87d",
      "unicode_decimal": 59517
    },
    {
      "icon_id": "25632205",
      "name": "花旗银行",
      "font_class": "huaqi-bank",
      "unicode": "e843",
      "unicode_decimal": 59459
    },
    {
      "icon_id": "25632206",
      "name": "中信银行",
      "font_class": "china-citic-bank",
      "unicode": "e867",
      "unicode_decimal": 59495
    },
    {
      "icon_id": "25632207",
      "name": "桂林银行",
      "font_class": "guilin-bank",
      "unicode": "e868",
      "unicode_decimal": 59496
    },
    {
      "icon_id": "25632208",
      "name": "湖州市商业银行",
      "font_class": "huzhou-commercial-bank",
      "unicode": "e869",
      "unicode_decimal": 59497
    },
    {
      "icon_id": "25632209",
      "name": "民生银行",
      "font_class": "china-minsheng-bank",
      "unicode": "e86a",
      "unicode_decimal": 59498
    },
    {
      "icon_id": "25632210",
      "name": "赣州银行",
      "font_class": "ganzhou-bank",
      "unicode": "e86b",
      "unicode_decimal": 59499
    },
    {
      "icon_id": "25632211",
      "name": "江苏银行",
      "font_class": "jiangsu-bank",
      "unicode": "e86c",
      "unicode_decimal": 59500
    },
    {
      "icon_id": "25632212",
      "name": "柳州银行",
      "font_class": "liuzhou-bank",
      "unicode": "e86d",
      "unicode_decimal": 59501
    },
    {
      "icon_id": "25632213",
      "name": "内蒙古银行",
      "font_class": "neimenggu-bank",
      "unicode": "e86e",
      "unicode_decimal": 59502
    },
    {
      "icon_id": "25632214",
      "name": "青岛银行",
      "font_class": "qingdao-bank",
      "unicode": "e86f",
      "unicode_decimal": 59503
    },
    {
      "icon_id": "25632215",
      "name": "杭州联合银行",
      "font_class": "hangzhou-uinted-bank",
      "unicode": "e870",
      "unicode_decimal": 59504
    },
    {
      "icon_id": "25632216",
      "name": "台湾玉山银行",
      "font_class": "taiwanyushan-bank",
      "unicode": "e871",
      "unicode_decimal": 59505
    },
    {
      "icon_id": "25632220",
      "name": "邢台银行",
      "font_class": "xingtai-bank",
      "unicode": "e872",
      "unicode_decimal": 59506
    },
    {
      "icon_id": "25632221",
      "name": "张家口市商业银行",
      "font_class": "zhangjiakou-commercial-bank",
      "unicode": "e873",
      "unicode_decimal": 59507
    },
    {
      "icon_id": "25632225",
      "name": "平安银行",
      "font_class": "pingan-bank",
      "unicode": "e874",
      "unicode_decimal": 59508
    },
    {
      "icon_id": "25632226",
      "name": "上饶银行",
      "font_class": "shangrao-bank",
      "unicode": "e875",
      "unicode_decimal": 59509
    },
    {
      "icon_id": "25632227",
      "name": "郑州银行",
      "font_class": "zhengzhou-bank",
      "unicode": "e876",
      "unicode_decimal": 59510
    },
    {
      "icon_id": "25632132",
      "name": "安阳市商业银行",
      "font_class": "anyang-commercial-bank",
      "unicode": "e81e",
      "unicode_decimal": 59422
    },
    {
      "icon_id": "25632133",
      "name": "成都农村商业银行",
      "font_class": "chengdu-rural-commercial-bank",
      "unicode": "e81f",
      "unicode_decimal": 59423
    },
    {
      "icon_id": "25632134",
      "name": "北京农村商业银行",
      "font_class": "beijing-rural-commercial-bank",
      "unicode": "e820",
      "unicode_decimal": 59424
    },
    {
      "icon_id": "25632135",
      "name": "渤海银行",
      "font_class": "bohai-bank",
      "unicode": "e821",
      "unicode_decimal": 59425
    },
    {
      "icon_id": "25632136",
      "name": "成都银行",
      "font_class": "chengdu-bank",
      "unicode": "e822",
      "unicode_decimal": 59426
    },
    {
      "icon_id": "25632137",
      "name": "广州商业银行",
      "font_class": "guangzhou-commercial-bank",
      "unicode": "e823",
      "unicode_decimal": 59427
    },
    {
      "icon_id": "25632138",
      "name": "恒丰银行",
      "font_class": "hengfeng-bank",
      "unicode": "e824",
      "unicode_decimal": 59428
    },
    {
      "icon_id": "25632139",
      "name": "大新银行",
      "font_class": "daxin-bank",
      "unicode": "e825",
      "unicode_decimal": 59429
    },
    {
      "icon_id": "25632140",
      "name": "汇丰银行",
      "font_class": "hong-kong-and-shanghai-banking-corporation",
      "unicode": "e826",
      "unicode_decimal": 59430
    },
    {
      "icon_id": "25632141",
      "name": "广发银行",
      "font_class": "china-guangfa-bank",
      "unicode": "e827",
      "unicode_decimal": 59431
    },
    {
      "icon_id": "25632142",
      "name": "稠州商业银行",
      "font_class": "chouzhou-commercial-bank",
      "unicode": "e828",
      "unicode_decimal": 59432
    },
    {
      "icon_id": "25632143",
      "name": "广西北部湾银行",
      "font_class": "guangxi-beibu-gulf-bank",
      "unicode": "e829",
      "unicode_decimal": 59433
    },
    {
      "icon_id": "25632144",
      "name": "东营市商业银行",
      "font_class": "dongying-commercial-bank",
      "unicode": "e82a",
      "unicode_decimal": 59434
    },
    {
      "icon_id": "25632145",
      "name": "路桥农村合作银行",
      "font_class": "road-and-bridge-rural-cooperative-bank",
      "unicode": "e82b",
      "unicode_decimal": 59435
    },
    {
      "icon_id": "25632146",
      "name": "嘉兴银行",
      "font_class": "jiaxing-bank",
      "unicode": "e82c",
      "unicode_decimal": 59436
    },
    {
      "icon_id": "25632147",
      "name": "福建海峡银行",
      "font_class": "fujian-haixia-bank",
      "unicode": "e82d",
      "unicode_decimal": 59437
    },
    {
      "icon_id": "25632148",
      "name": "华融湘江银行",
      "font_class": "huarong-xiangjiang-bank",
      "unicode": "e82e",
      "unicode_decimal": 59438
    },
    {
      "icon_id": "25632149",
      "name": "哈尔滨银行",
      "font_class": "haerbin-bank",
      "unicode": "e82f",
      "unicode_decimal": 59439
    },
    {
      "icon_id": "25632150",
      "name": "九江银行",
      "font_class": "jiujiang-bank",
      "unicode": "e830",
      "unicode_decimal": 59440
    },
    {
      "icon_id": "25632151",
      "name": "重庆三峡银行",
      "font_class": "chongqing-sanxia-bank",
      "unicode": "e831",
      "unicode_decimal": 59441
    },
    {
      "icon_id": "25632152",
      "name": "兰考农商银行",
      "font_class": "rankau-rural-commercoal-bank",
      "unicode": "e832",
      "unicode_decimal": 59442
    },
    {
      "icon_id": "25632153",
      "name": "美国银行",
      "font_class": "bank-of-america",
      "unicode": "e833",
      "unicode_decimal": 59443
    },
    {
      "icon_id": "25632154",
      "name": "上海农商银行",
      "font_class": "shanghai-rural-commercial-bank",
      "unicode": "e834",
      "unicode_decimal": 59444
    },
    {
      "icon_id": "25632155",
      "name": "东亚银行",
      "font_class": "bank-of-east-asia",
      "unicode": "e835",
      "unicode_decimal": 59445
    },
    {
      "icon_id": "25632156",
      "name": "三湘银行",
      "font_class": "sanxiang-bank",
      "unicode": "e836",
      "unicode_decimal": 59446
    },
    {
      "icon_id": "25632157",
      "name": "葫芦岛银行",
      "font_class": "huludao-bank",
      "unicode": "e837",
      "unicode_decimal": 59447
    },
    {
      "icon_id": "25632158",
      "name": "恒生银行",
      "font_class": "hangseng-bank",
      "unicode": "e838",
      "unicode_decimal": 59448
    },
    {
      "icon_id": "25632159",
      "name": "佛山农村商业银行",
      "font_class": "foshan-rural-commercial-bank",
      "unicode": "e839",
      "unicode_decimal": 59449
    },
    {
      "icon_id": "25632160",
      "name": "乌鲁木齐市商业银行",
      "font_class": "wulumuqi-bank",
      "unicode": "e83a",
      "unicode_decimal": 59450
    },
    {
      "icon_id": "25632161",
      "name": "南京银行",
      "font_class": "nanjing-bank",
      "unicode": "e83b",
      "unicode_decimal": 59451
    },
    {
      "icon_id": "25632162",
      "name": "浦发银行",
      "font_class": "shanghai-pudong-development-bank",
      "unicode": "e83c",
      "unicode_decimal": 59452
    },
    {
      "icon_id": "25632163",
      "name": "邯郸银行",
      "font_class": "handan-bank",
      "unicode": "e83d",
      "unicode_decimal": 59453
    },
    {
      "icon_id": "25632164",
      "name": "华夏银行",
      "font_class": "huaxia-bank",
      "unicode": "e83e",
      "unicode_decimal": 59454
    },
    {
      "icon_id": "25632165",
      "name": "国泰世华银行",
      "font_class": "cathay-pacific-word-bank",
      "unicode": "e83f",
      "unicode_decimal": 59455
    },
    {
      "icon_id": "25632166",
      "name": "合作金库银行",
      "font_class": "co-operative-savings-bank",
      "unicode": "e840",
      "unicode_decimal": 59456
    },
    {
      "icon_id": "25632167",
      "name": "天津农商银行",
      "font_class": "tianjin-rural-commercial-bank",
      "unicode": "e841",
      "unicode_decimal": 59457
    },
    {
      "icon_id": "25632168",
      "name": "铁岭商业银行",
      "font_class": "tieling-bank",
      "unicode": "e842",
      "unicode_decimal": 59458
    },
    {
      "icon_id": "25632170",
      "name": "烟台银行",
      "font_class": "yantai-bank",
      "unicode": "e844",
      "unicode_decimal": 59460
    },
    {
      "icon_id": "25632171",
      "name": "浙商银行",
      "font_class": "zheshang-bank",
      "unicode": "e845",
      "unicode_decimal": 59461
    },
    {
      "icon_id": "25632172",
      "name": "中国光大银行",
      "font_class": "china-everbright-bank",
      "unicode": "e846",
      "unicode_decimal": 59462
    },
    {
      "icon_id": "25632173",
      "name": "南洋商业银行",
      "font_class": "nanyang-connercial-bank",
      "unicode": "e847",
      "unicode_decimal": 59463
    },
    {
      "icon_id": "25632174",
      "name": "中国邮政储蓄银行",
      "font_class": "postal-savings-bank-of-china",
      "unicode": "e848",
      "unicode_decimal": 59464
    },
    {
      "icon_id": "25632175",
      "name": "厦门银行",
      "font_class": "shamen-bank",
      "unicode": "e849",
      "unicode_decimal": 59465
    },
    {
      "icon_id": "25632176",
      "name": "台湾银行",
      "font_class": "taiwan-bank",
      "unicode": "e84a",
      "unicode_decimal": 59466
    },
    {
      "icon_id": "25632177",
      "name": "摩根大通银行",
      "font_class": "jp-morgan-chase",
      "unicode": "e84b",
      "unicode_decimal": 59467
    },
    {
      "icon_id": "25632178",
      "name": "徽商银行",
      "font_class": "huishang-bank",
      "unicode": "e84c",
      "unicode_decimal": 59468
    },
    {
      "icon_id": "25632179",
      "name": "上海银行",
      "font_class": "shanghai-bank",
      "unicode": "e84d",
      "unicode_decimal": 59469
    },
    {
      "icon_id": "25632180",
      "name": "宁波银行",
      "font_class": "ningbo-bank",
      "unicode": "e84e",
      "unicode_decimal": 59470
    },
    {
      "icon_id": "25632181",
      "name": "台湾土地银行",
      "font_class": "taiwan-land-bank",
      "unicode": "e84f",
      "unicode_decimal": 59471
    },
    {
      "icon_id": "25632182",
      "name": "温州银行",
      "font_class": "wenzhou-bank",
      "unicode": "e850",
      "unicode_decimal": 59472
    },
    {
      "icon_id": "25632183",
      "name": "天津银行",
      "font_class": "tianjin-bank",
      "unicode": "e851",
      "unicode_decimal": 59473
    },
    {
      "icon_id": "25632184",
      "name": "营口银行",
      "font_class": "yingkou-bank",
      "unicode": "e852",
      "unicode_decimal": 59474
    },
    {
      "icon_id": "25632185",
      "name": "周口市商业银行",
      "font_class": "zhoukou-commercial-bank",
      "unicode": "e853",
      "unicode_decimal": 59475
    },
    {
      "icon_id": "25632186",
      "name": "中国建设银行",
      "font_class": "china-construction-bank",
      "unicode": "e854",
      "unicode_decimal": 59476
    },
    {
      "icon_id": "25632187",
      "name": "兆丰国际商业银行",
      "font_class": "mega-international-commercical-bank",
      "unicode": "e855",
      "unicode_decimal": 59477
    },
    {
      "icon_id": "25632188",
      "name": "自贡市商业银行",
      "font_class": "zigong-commercial-bank",
      "unicode": "e856",
      "unicode_decimal": 59478
    },
    {
      "icon_id": "25632189",
      "name": "交通银行",
      "font_class": "bank-of-communications",
      "unicode": "e857",
      "unicode_decimal": 59479
    },
    {
      "icon_id": "25632190",
      "name": "兴业银行",
      "font_class": "societe-generale",
      "unicode": "e858",
      "unicode_decimal": 59480
    },
    {
      "icon_id": "25632191",
      "name": "中国银行",
      "font_class": "china-bank",
      "unicode": "e859",
      "unicode_decimal": 59481
    },
    {
      "icon_id": "25632192",
      "name": "北京顺义银座村镇银行",
      "font_class": "shunyi-ginza-village-bank",
      "unicode": "e85a",
      "unicode_decimal": 59482
    },
    {
      "icon_id": "25632193",
      "name": "青海银行",
      "font_class": "qinghai-bank-gleason",
      "unicode": "e85b",
      "unicode_decimal": 59483
    },
    {
      "icon_id": "25632194",
      "name": "山西省农村信用社",
      "font_class": "shanxi-rural-credit-cooperative",
      "unicode": "e85c",
      "unicode_decimal": 59484
    },
    {
      "icon_id": "25632195",
      "name": "六盘水市商业银行",
      "font_class": "liupanshui-commercial-bank",
      "unicode": "e85d",
      "unicode_decimal": 59485
    },
    {
      "icon_id": "25632196",
      "name": "中国工商银行",
      "font_class": "industrial-and-commercial-bank-of-china",
      "unicode": "e85e",
      "unicode_decimal": 59486
    },
    {
      "icon_id": "25632197",
      "name": "深圳发展银行",
      "font_class": "shenzhen-development-bank",
      "unicode": "e85f",
      "unicode_decimal": 59487
    },
    {
      "icon_id": "25632198",
      "name": "招商银行",
      "font_class": "china-merchants-bank",
      "unicode": "e860",
      "unicode_decimal": 59488
    },
    {
      "icon_id": "25632199",
      "name": "中原银行",
      "font_class": "the-central-bank",
      "unicode": "e861",
      "unicode_decimal": 59489
    },
    {
      "icon_id": "25632200",
      "name": "潍坊银行",
      "font_class": "weifang-bank",
      "unicode": "e862",
      "unicode_decimal": 59490
    },
    {
      "icon_id": "25632201",
      "name": "中国人民银行",
      "font_class": "peoples-bank-of-china",
      "unicode": "e863",
      "unicode_decimal": 59491
    },
    {
      "icon_id": "25632202",
      "name": "威京银行",
      "font_class": "weijing-bank",
      "unicode": "e864",
      "unicode_decimal": 59492
    },
    {
      "icon_id": "25632203",
      "name": "中国农业银行",
      "font_class": "agricultural-bank-of-china",
      "unicode": "e865",
      "unicode_decimal": 59493
    },
    {
      "icon_id": "25632204",
      "name": "北京银行",
      "font_class": "bank-of-beijing",
      "unicode": "e866",
      "unicode_decimal": 59494
    },
    {
      "icon_id": "24837389",
      "name": "机器人",
      "font_class": "robot",
      "unicode": "e81d",
      "unicode_decimal": 59421
    },
    {
      "icon_id": "24811131",
      "name": "核销金额",
      "font_class": "write-off-amount",
      "unicode": "e81c",
      "unicode_decimal": 59420
    },
    {
      "icon_id": "24811107",
      "name": "已入账",
      "font_class": "recorded",
      "unicode": "e81b",
      "unicode_decimal": 59419
    },
    {
      "icon_id": "24811091",
      "name": "待入账",
      "font_class": "to-be-recorded",
      "unicode": "e81a",
      "unicode_decimal": 59418
    },
    {
      "icon_id": "24261930",
      "name": "矩形",
      "font_class": "juxing",
      "unicode": "e816",
      "unicode_decimal": 59414
    },
    {
      "icon_id": "23817433",
      "name": "扫描",
      "font_class": "scan-circle",
      "unicode": "e814",
      "unicode_decimal": 59412
    },
    {
      "icon_id": "23209997",
      "name": "打印",
      "font_class": "stamp",
      "unicode": "e810",
      "unicode_decimal": 59408
    },
    {
      "icon_id": "23209457",
      "name": "fifth floor-disable",
      "font_class": "a-fifthfloor-disable",
      "unicode": "e78f",
      "unicode_decimal": 59279
    },
    {
      "icon_id": "23209458",
      "name": "first floor-disable",
      "font_class": "a-firstfloor-disable",
      "unicode": "e790",
      "unicode_decimal": 59280
    },
    {
      "icon_id": "23209459",
      "name": "fourth floor-disable",
      "font_class": "a-fourthfloor-disable",
      "unicode": "e791",
      "unicode_decimal": 59281
    },
    {
      "icon_id": "23209460",
      "name": "third floor-disable",
      "font_class": "a-thirdfloor-disable",
      "unicode": "e792",
      "unicode_decimal": 59282
    },
    {
      "icon_id": "23209461",
      "name": "second floor-disable",
      "font_class": "a-secondfloor-disable",
      "unicode": "e793",
      "unicode_decimal": 59283
    },
    {
      "icon_id": "22513067",
      "name": "edit-card",
      "font_class": "edit-card",
      "unicode": "e78e",
      "unicode_decimal": 59278
    },
    {
      "icon_id": "29107965",
      "name": "edit-card",
      "font_class": "edit-card-copy",
      "unicode": "e888",
      "unicode_decimal": 59528
    },
    {
      "icon_id": "22512713",
      "name": "organization",
      "font_class": "organization",
      "unicode": "e78c",
      "unicode_decimal": 59276
    },
    {
      "icon_id": "21545932",
      "name": "pull-down",
      "font_class": "pull-down",
      "unicode": "e7f2",
      "unicode_decimal": 59378
    },
    {
      "icon_id": "22397853",
      "name": "pull-down",
      "font_class": "pull-up",
      "unicode": "e7f3",
      "unicode_decimal": 59379
    },
    {
      "icon_id": "26604143",
      "name": "pull-down",
      "font_class": "pull-right",
      "unicode": "e877",
      "unicode_decimal": 59511
    },
    {
      "icon_id": "26604167",
      "name": "pull-down",
      "font_class": "pull-left",
      "unicode": "e878",
      "unicode_decimal": 59512
    },
    {
      "icon_id": "21545920",
      "name": "accessory",
      "font_class": "attachment",
      "unicode": "e7f1",
      "unicode_decimal": 59377
    },
    {
      "icon_id": "21545880",
      "name": "edit",
      "font_class": "edit",
      "unicode": "e7f0",
      "unicode_decimal": 59376
    },
    {
      "icon_id": "21514282",
      "name": "date",
      "font_class": "date",
      "unicode": "e7ef",
      "unicode_decimal": 59375
    },
    {
      "icon_id": "21514105",
      "name": "search",
      "font_class": "search",
      "unicode": "e7ee",
      "unicode_decimal": 59374
    },
    {
      "icon_id": "21260317",
      "name": "preview",
      "font_class": "preview",
      "unicode": "e78b",
      "unicode_decimal": 59275
    },
    {
      "icon_id": "21260107",
      "name": "accessory",
      "font_class": "accessory",
      "unicode": "e78a",
      "unicode_decimal": 59274
    },
    {
      "icon_id": "21259095",
      "name": "doc",
      "font_class": "doc",
      "unicode": "e77e",
      "unicode_decimal": 59262
    },
    {
      "icon_id": "21259096",
      "name": "docx",
      "font_class": "docx",
      "unicode": "e77f",
      "unicode_decimal": 59263
    },
    {
      "icon_id": "21259097",
      "name": "ppt",
      "font_class": "ppt",
      "unicode": "e780",
      "unicode_decimal": 59264
    },
    {
      "icon_id": "21259098",
      "name": "txt",
      "font_class": "txt",
      "unicode": "e781",
      "unicode_decimal": 59265
    },
    {
      "icon_id": "21259099",
      "name": "xls",
      "font_class": "xls",
      "unicode": "e782",
      "unicode_decimal": 59266
    },
    {
      "icon_id": "21259100",
      "name": "word",
      "font_class": "word",
      "unicode": "e783",
      "unicode_decimal": 59267
    },
    {
      "icon_id": "21259101",
      "name": "jpg",
      "font_class": "jpg",
      "unicode": "e784",
      "unicode_decimal": 59268
    },
    {
      "icon_id": "21259102",
      "name": "png",
      "font_class": "png",
      "unicode": "e785",
      "unicode_decimal": 59269
    },
    {
      "icon_id": "21259103",
      "name": "xlsx",
      "font_class": "xlsx",
      "unicode": "e786",
      "unicode_decimal": 59270
    },
    {
      "icon_id": "21259104",
      "name": "pdf",
      "font_class": "pdf",
      "unicode": "e787",
      "unicode_decimal": 59271
    },
    {
      "icon_id": "21259105",
      "name": "rar",
      "font_class": "rar",
      "unicode": "e788",
      "unicode_decimal": 59272
    },
    {
      "icon_id": "21259106",
      "name": "zip",
      "font_class": "zip",
      "unicode": "e789",
      "unicode_decimal": 59273
    },
    {
      "icon_id": "21255864",
      "name": "download",
      "font_class": "download",
      "unicode": "e7e9",
      "unicode_decimal": 59369
    },
    {
      "icon_id": "21245801",
      "name": "message-alert",
      "font_class": "message-alert",
      "unicode": "e7e6",
      "unicode_decimal": 59366
    },
    {
      "icon_id": "21245803",
      "name": "warning-notices",
      "font_class": "warning-notices",
      "unicode": "e7e8",
      "unicode_decimal": 59368
    },
    {
      "icon_id": "21238160",
      "name": "travel-on-business",
      "font_class": "travel-on-business",
      "unicode": "e7e2",
      "unicode_decimal": 59362
    },
    {
      "icon_id": "21238140",
      "name": "business-entertainment",
      "font_class": "business-entertainment",
      "unicode": "e7e1",
      "unicode_decimal": 59361
    },
    {
      "icon_id": "21238139",
      "name": "staff-welfare",
      "font_class": "staff-welfare",
      "unicode": "e7e0",
      "unicode_decimal": 59360
    },
    {
      "icon_id": "21238133",
      "name": "the-rent-lease",
      "font_class": "the-rent-lease",
      "unicode": "e7df",
      "unicode_decimal": 59359
    },
    {
      "icon_id": "21238122",
      "name": "insurance-reibursement",
      "font_class": "insurance-reibursement",
      "unicode": "e7de",
      "unicode_decimal": 59358
    },
    {
      "icon_id": "21238118",
      "name": "auto-deduction",
      "font_class": "auto-deduction",
      "unicode": "e7dd",
      "unicode_decimal": 59357
    },
    {
      "icon_id": "21238111",
      "name": "IT-equipmet",
      "font_class": "IT-equipmet",
      "unicode": "e7dc",
      "unicode_decimal": 59356
    },
    {
      "icon_id": "21238106",
      "name": "labor-union-dues",
      "font_class": "labor-union-dues",
      "unicode": "e7db",
      "unicode_decimal": 59355
    },
    {
      "icon_id": "21238089",
      "name": "workplace-fee",
      "font_class": "workplace-fee",
      "unicode": "e7da",
      "unicode_decimal": 59354
    },
    {
      "icon_id": "21238088",
      "name": "investment-spending",
      "font_class": "investment-spending",
      "unicode": "e7d9",
      "unicode_decimal": 59353
    },
    {
      "icon_id": "21238079",
      "name": "training-publicity-expenses",
      "font_class": "training-publicity-expenses",
      "unicode": "e7d8",
      "unicode_decimal": 59352
    },
    {
      "icon_id": "21238070",
      "name": "asset-costs",
      "font_class": "asset-costs",
      "unicode": "e7d7",
      "unicode_decimal": 59351
    },
    {
      "icon_id": "21238055",
      "name": "the-deposit-business",
      "font_class": "the-deposit-business",
      "unicode": "e7d6",
      "unicode_decimal": 59350
    },
    {
      "icon_id": "21238052",
      "name": "purchase",
      "font_class": "purchase",
      "unicode": "e7d5",
      "unicode_decimal": 59349
    },
    {
      "icon_id": "21238048",
      "name": "air-ticket-system-settlement",
      "font_class": "air-ticket-system-settlement",
      "unicode": "e7d4",
      "unicode_decimal": 59348
    },
    {
      "icon_id": "21238035",
      "name": "purchase-cost",
      "font_class": "purchase-cost",
      "unicode": "e7d3",
      "unicode_decimal": 59347
    },
    {
      "icon_id": "21238028",
      "name": "marketing-costs",
      "font_class": "marketing-costs",
      "unicode": "e7d2",
      "unicode_decimal": 59346
    },
    {
      "icon_id": "21237939",
      "name": "product-research",
      "font_class": "product-research",
      "unicode": "e7d1",
      "unicode_decimal": 59345
    },
    {
      "icon_id": "21237935",
      "name": "taxes",
      "font_class": "taxes",
      "unicode": "e7d0",
      "unicode_decimal": 59344
    },
    {
      "icon_id": "21237931",
      "name": "salary-payment",
      "font_class": "salary-payment",
      "unicode": "e7cf",
      "unicode_decimal": 59343
    },
    {
      "icon_id": "21237926",
      "name": "logistics-fees",
      "font_class": "logistics-fees",
      "unicode": "e7ce",
      "unicode_decimal": 59342
    },
    {
      "icon_id": "21237845",
      "name": "vehicle-costs",
      "font_class": "vehicle-costs",
      "unicode": "e7cd",
      "unicode_decimal": 59341
    },
    {
      "icon_id": "21237798",
      "name": "office-expenses",
      "font_class": "office-expenses",
      "unicode": "e7cc",
      "unicode_decimal": 59340
    },
    {
      "icon_id": "21223283",
      "name": "upfold",
      "font_class": "minus-square",
      "unicode": "e7b5",
      "unicode_decimal": 59317
    },
    {
      "icon_id": "21223224",
      "name": "pack-up",
      "font_class": "plus-square",
      "unicode": "e7b3",
      "unicode_decimal": 59315
    },
    {
      "icon_id": "21220019",
      "name": "branches",
      "font_class": "branches",
      "unicode": "e7b4",
      "unicode_decimal": 59316
    },
    {
      "icon_id": "21219917",
      "name": "reload",
      "font_class": "reload",
      "unicode": "e7b2",
      "unicode_decimal": 59314
    },
    {
      "icon_id": "21219900",
      "name": "delete",
      "font_class": "delete",
      "unicode": "e7b1",
      "unicode_decimal": 59313
    },
    {
      "icon_id": "21219830",
      "name": "upload",
      "font_class": "upload",
      "unicode": "e7b0",
      "unicode_decimal": 59312
    },
    {
      "icon_id": "21151191",
      "name": "bills-default",
      "font_class": "bills-default",
      "unicode": "e77d",
      "unicode_decimal": 59261
    },
    {
      "icon_id": "21067721",
      "name": "first floor",
      "font_class": "firstfloor",
      "unicode": "e775",
      "unicode_decimal": 59253
    },
    {
      "icon_id": "21067722",
      "name": "fifth floor",
      "font_class": "fifthfloor",
      "unicode": "e776",
      "unicode_decimal": 59254
    },
    {
      "icon_id": "21067723",
      "name": "edit-square",
      "font_class": "edit-square",
      "unicode": "e777",
      "unicode_decimal": 59255
    },
    {
      "icon_id": "21067724",
      "name": "copy",
      "font_class": "copy",
      "unicode": "e778",
      "unicode_decimal": 59256
    },
    {
      "icon_id": "21067725",
      "name": "second floor",
      "font_class": "secondfloor",
      "unicode": "e779",
      "unicode_decimal": 59257
    },
    {
      "icon_id": "21067726",
      "name": "scan",
      "font_class": "scan",
      "unicode": "e77a",
      "unicode_decimal": 59258
    },
    {
      "icon_id": "21067727",
      "name": "third floor",
      "font_class": "thirdfloor",
      "unicode": "e77b",
      "unicode_decimal": 59259
    },
    {
      "icon_id": "21067728",
      "name": "fourth floor",
      "font_class": "fourthfloor",
      "unicode": "e77c",
      "unicode_decimal": 59260
    },
    {
      "icon_id": "21008011",
      "name": "系统关闭--close_circle",
      "font_class": "remove-circle",
      "unicode": "e7a9",
      "unicode_decimal": 59305
    },
    {
      "icon_id": "20979289",
      "name": "删除--delete_circle",
      "font_class": "delete-circle",
      "unicode": "e7ad",
      "unicode_decimal": 59309
    },
    {
      "icon_id": "20978743",
      "name": "暂挂--pending_circle",
      "font_class": "pending-circle",
      "unicode": "e7a4",
      "unicode_decimal": 59300
    },
    {
      "icon_id": "21001121",
      "name": "下达--release_circle",
      "font_class": "arrow-up-circle-copy",
      "unicode": "e7ae",
      "unicode_decimal": 59310
    },
    {
      "icon_id": "21001156",
      "name": "下达--release_circle",
      "font_class": "arrow-down-circle-copy",
      "unicode": "e7af",
      "unicode_decimal": 59311
    },
    {
      "icon_id": "20978443",
      "name": "派工--dispatching_circle",
      "font_class": "staff-circle",
      "unicode": "e7a0",
      "unicode_decimal": 59296
    },
    {
      "icon_id": "20978444",
      "name": "核销--write_off_circle",
      "font_class": "write-off-circle",
      "unicode": "e7a1",
      "unicode_decimal": 59297
    },
    {
      "icon_id": "20978445",
      "name": "取消核销--cancel_write_off_circle",
      "font_class": "cancel-write-off-circle",
      "unicode": "e7a2",
      "unicode_decimal": 59298
    },
    {
      "icon_id": "20978446",
      "name": "通过--pass_circle",
      "font_class": "pass-circle",
      "unicode": "e7a3",
      "unicode_decimal": 59299
    },
    {
      "icon_id": "20978449",
      "name": "退款--refund_circle",
      "font_class": "refund-circle",
      "unicode": "e7a6",
      "unicode_decimal": 59302
    },
    {
      "icon_id": "20978450",
      "name": "收回--taken_back_circle",
      "font_class": "taken-back-circle",
      "unicode": "e7a7",
      "unicode_decimal": 59303
    },
    {
      "icon_id": "20978451",
      "name": "下达--release_circle",
      "font_class": "arrow-right-circle",
      "unicode": "e7a8",
      "unicode_decimal": 59304
    },
    {
      "icon_id": "20978453",
      "name": "拒绝--refuse_circle",
      "font_class": "close-circle",
      "unicode": "e7aa",
      "unicode_decimal": 59306
    },
    {
      "icon_id": "20978455",
      "name": "反冲--reverse_circle",
      "font_class": "arrow-left-circle",
      "unicode": "e7ab",
      "unicode_decimal": 59307
    },
    {
      "icon_id": "20978456",
      "name": "新建--generate_circle",
      "font_class": "generate-circle",
      "unicode": "e7ac",
      "unicode_decimal": 59308
    }
  ]
}
